H,albedo,diameter_sigma,e,a,i,absolute_magnitude_h,estimated_diameter_min_km,estimated_diameter_max_km,relative_velocity_km_per_s,miss_distance_km,true_label,risk_score
25.63,0.2208857142857142,0.050625,0.2544,1.388,30.15,25.63,0.0198863453,0.04446722,16.5588497541,5031679.77728474,0,2.434604614148269e-05
24.7,0.2208857142857142,0.050625,0.2986,1.203,1.7,24.7,0.0305179233,0.0682401509,15.5618664057,36464891.71296953,0,0.00138422568129669
25.39,0.2208857142857142,0.050625,0.5662,1.919,8.78,25.39,0.0222103282,0.0496638037,13.9987578982,3041147.692900216,0,6.635691933333458e-05
20.85,0.2208857142857142,0.050625,0.7096,1.86,6.28,20.85,0.1797028549,0.4018277992,22.182959458,3683381.686023033,1,0.9809113115187541
24.68,0.2208857142857142,0.050625,0.5053,1.953,9.71,24.68,0.0308003021,0.0688715693,9.8631484964,7292137.013148898,0,0.0005573309326936658
26.03,0.2208857142857142,0.050625,0.0967,1.014,13.24,26.03,0.0165407416,0.0369862226,7.6787418747,16683019.67471913,0,9.59407129878925e-06
26.58,0.2208857142857142,0.050625,0.4548,1.734,6.27,26.58,0.012839703,0.0287104486,8.9828128285,2096099.98017081,0,1.041347630677605e-06
25.9,0.2208857142857142,0.050625,0.2994,1.4,9.18,25.9,0.0175612318,0.0392681082,10.7614171586,25592941.683649205,0,1.148961771382839e-05
27.53,0.2208857142857142,0.050625,0.4221,1.564,9.28,27.53,0.0082900085,0.0185370226,22.3428878662,61697486.49041947,0,2.6833912625962138e-08
22.09,0.2208857142857142,0.050625,0.3783,0.9047,26.06,22.09,0.1015207872,0.2270073813,19.2240909884,18905648.38143234,0,0.6813693270656612
26.4,0.2208857142857142,0.050625,0.2151,1.193,0.62,26.4,0.0139493823,0.0311917671,5.9449354884,52836418.927171454,0,1.637037100265001e-06
24.05,0.2208857142857142,0.050625,0.4922,2.049,7.39,24.05,0.0411675457,0.0920534307,7.5106439776,12482498.003743446,0,0.0038819945133590802
23.9,0.2208857142857142,0.050625,0.3378,0.9732,20.55,23.9,0.04411182,0.0986370281,15.8020969264,39070582.16174429,0,0.007464989556400072
24.74,0.2208857142857142,0.050625,0.4258,1.837,11.73,24.74,0.0299609084,0.0669946278,8.3518086891,11931442.35656778,0,0.00041057595255521655
25.26,0.2208857142857142,0.050625,0.3213,0.8226,21.04,25.26,0.0235806068,0.0527278398,14.4946858932,12027964.622667288,0,0.00012404779960165985
25.91,0.2208857142857142,0.050625,0.264,1.27,10.92,25.91,0.0174805453,0.0390876876,8.2168127923,228225.76248265,0,1.5443560270154402e-05
22.83,0.2208857142857142,0.050625,0.5649,0.7587,29.73,22.83,0.0722029558,0.1614507173,16.675606865,29256449.247763377,0,0.1074734599017376
28.56,0.2208857142857142,0.050625,0.7331,1.887,0.24,28.56,0.0051588747,0.0115355944,22.6995031207,173735.381605991,0,1.5513005234934166e-09
23.43,0.2208857142857142,0.050625,0.2866,1.525,12.0,23.43,0.0547715431,0.1224728936,6.7041888382,19072267.915954977,0,0.03325834620568501
22.45,0.2208857142857142,0.050625,0.2827,0.8973,9.41,22.45,0.086011194,0.1923268766,22.9168121023,73295088.155148,0,0.5176051969145742
23.18,0.2208857142857142,0.050625,0.4467,0.7608,10.67,23.18,0.0614546821,0.1374168468,12.2330783651,63594610.45764471,0,0.05114794604878658
26.42,0.2208857142857142,0.050625,0.5927,2.466,3.49,26.42,0.0138214936,0.0309057992,7.6881809988,2693143.792799128,0,1.0807665568883414e-06
24.68,0.2208857142857142,0.050625,0.6313,2.631,6.01,24.68,0.0308003021,0.0688715693,9.1290174796,6758138.904065095,0,0.00037920124451204263
25.57,0.2208857142857142,0.050625,0.3799,1.43,4.91,25.57,0.0204434871,0.0457130269,8.0964431081,5512279.734500541,0,4.753522475727607e-05
26.61,0.2208857142857142,0.050625,0.5577,1.728,10.88,26.61,0.0126635356,0.0283165265,15.5296737735,224550.980564822,0,1.00476630052909e-06
20.86,0.2208857142857142,0.050625,0.633,2.731,6.14,20.86,0.1788771952,0.3999815682,11.0685256598,21123091.54725817,0,0.9286523725612272
26.43,0.2208857142857142,0.050625,0.128,0.971,2.7,26.43,0.0137579896,0.0307638,2.7874488467,18222682.553456336,0,2.623735599684446e-06
24.46,0.2208857142857142,0.050625,0.1795,1.335,17.58,24.46,0.0340843469,0.0762149166,9.5747979399,20018324.38208158,0,0.0014343896426107403
22.2,0.2208857142857142,0.050625,0.5648,2.204,6.61,22.2,0.096506147,0.2157943048,10.0867730194,10512144.652450675,0,0.5173856634176162
26.35,0.2208857142857142,0.050625,0.2756,1.209,8.46,26.35,0.0142743051,0.0319183166,7.2445983121,6991011.10159101,0,3.014219852399538e-06
26.33,0.2208857142857142,0.050625,0.4892,1.864,0.37,26.33,0.0144063837,0.0322136532,7.8247946491,1041282.960355529,0,2.895416826366103e-06
23.85,0.2208857142857142,0.050625,0.1491,0.9777,16.77,23.85,0.0451393163,0.1009345797,19.0279128779,58948924.25643757,0,0.012846530246923348
23.08,0.2208857142857142,0.050625,0.6528,2.594,5.46,23.08,0.0643509521,0.1438931032,11.4326355868,11560917.005770952,0,0.06718363997229453
20.7,0.2208857142857142,0.050625,0.3458,1.724,18.74,20.7,0.1925550782,0.4305662442,11.522293848,27228068.677872047,0,0.9554119763486779
24.1,0.2208857142857142,0.050625,0.4783,1.103,21.37,24.1,0.040230458,0.0899580388,18.274602859,6945501.724121292,0,0.005929221647742159
18.78,0.2208857142857142,0.050625,0.3322,1.018,26.89,18.78,0.4661814374,1.0424133839,17.5043898385,12546337.77278192,0,0.9824110650825911
23.53,0.2208857142857142,0.050625,0.2704,1.503,28.76,23.53,0.0523064176,0.1169607054,15.4223986971,21836254.961915776,0,0.01885458882398614
22.04,0.2208857142857142,0.050625,0.7701,2.816,5.71,22.04,0.1038855101,0.2322950625,23.0828947973,17330213.4655435,0,0.660580491683784
22.62,0.2208857142857142,0.050625,0.3889,1.406,18.02,22.62,0.079534394,0.1778443116,16.5093019966,22408222.61110279,0,0.31735381000409973
22.43,0.2208857142857142,0.050625,0.3464,1.635,4.92,22.43,0.0868070458,0.1941064553,13.101129605,59133620.74877739,0,0.3743378985307641
26.4,0.2208857142857142,0.050625,0.5237,2.125,0.88,26.4,0.0139493823,0.0311917671,7.1314658535,3233044.869275474,0,1.6731773736699828e-06
27.46,0.2208857142857142,0.050625,0.2003,1.021,1.5,27.46,0.0085616008,0.0191443215,14.9589829391,47499606.52865705,0,7.704034173439746e-08
26.33,0.2208857142857142,0.050625,0.3749,0.9728,1.67,26.33,0.0144063837,0.0322136532,9.5944349644,49729029.56671141,0,2.261196951850004e-06
24.84,0.2208857142857142,0.050625,0.3741,1.553,35.6,24.84,0.0286124454,0.0639793729,20.3196916224,9080652.98659328,0,0.0002587531385490469
29.06,0.2208857142857142,0.050625,0.2852,0.8897,0.21,29.06,0.0040978398,0.0091630484,7.5561002034,725099.993262567,0,2.947451482788766e-10
26.5,0.2208857142857142,0.050625,0.0848,1.14,9.02,26.5,0.0133215567,0.0297879063,4.5094400585,36530806.76349979,0,1.177725540028328e-06
23.0,0.2208857142857142,0.050625,0.1365,1.32,21.92,23.0,0.0667659413,0.1492931834,11.1127841953,54791570.39723121,0,0.07130983606285383
28.33,0.2208857142857142,0.050625,0.1182,0.9171,3.85,28.33,0.0057352846,0.0128244863,4.111911891,424322.674661353,0,3.838273437675242e-09
19.87,0.2208857142857142,0.050625,0.8902,2.54,21.1,19.87,0.2821986791,0.6310154296,37.0602656037,26859482.96817828,0,0.985967745028251
26.02,0.2208857142857142,0.050625,0.4053,1.676,0.74,26.02,0.0166170902,0.0371569432,5.9028486215,2187915.418566931,0,9.334771677953204e-06
25.37,0.2208857142857142,0.050625,0.4556,2.006,7.22,25.37,0.0224158379,0.0501233372,6.2540075052,13368128.613983696,0,4.334274939148244e-05
23.6,0.2208857142857142,0.050625,0.6473,2.65,16.57,23.6,0.0506471459,0.1132504611,13.9079303614,6710319.496125985,0,0.010295999704353243
27.5,0.2208857142857142,0.050625,0.252,1.185,3.44,27.5,0.008405334,0.0187948982,10.904761728,22274384.816868145,0,6.155440558116123e-08
24.82,0.2208857142857142,0.050625,0.499,2.031,12.66,24.82,0.0288771931,0.0645713667,9.8692928242,8069202.564196986,0,0.00028571044494911434
27.25,0.2208857142857142,0.050625,0.5954,1.557,8.9,27.25,0.0094309399,0.0210882227,18.1163747149,815973.159554919,0,1.304743177740414e-07
26.91,0.2208857142857142,0.050625,0.4554,1.748,6.75,26.91,0.0110294785,0.0246626636,9.4200971558,4760501.62396556,0,2.995140144355797e-07
26.97,0.2208857142857142,0.050625,0.2913,1.206,8.33,26.97,0.0107288945,0.0239905375,7.2110708452,58445657.28979851,0,1.1924886303397387e-07
22.6,0.2208857142857142,0.050625,0.6441,0.8303,6.64,22.6,0.0802703167,0.1794898848,14.333534337,53762184.13268849,0,0.25703576752757773
26.14,0.2208857142857142,0.050625,0.1571,1.204,12.8,26.14,0.0157237082,0.0351592805,10.3336847457,32598883.939207897,0,4.8685724616255315e-06
24.49,0.2208857142857142,0.050625,0.5507,1.507,25.93,24.49,0.0336166921,0.0751692087,20.3170159726,5465517.48982936,0,0.0011124995768128213
27.15,0.2208857142857142,0.050625,0.3413,1.456,11.71,27.15,0.0098754064,0.02208208,9.4410411306,1999501.04516293,0,1.4327127262394307e-07
26.4,0.2208857142857142,0.050625,0.3335,1.184,6.41,26.4,0.0139493823,0.0311917671,8.7534146922,71506094.21650895,0,8.436246648437366e-07
27.1,0.2208857142857142,0.050625,0.2933,1.217,9.13,27.1,0.0101054342,0.0225964377,6.5690297465,45082580.52108578,0,8.688551298662823e-08
25.16,0.2208857142857142,0.050625,0.2422,1.243,7.37,25.16,0.0246919266,0.0552128263,7.4560054041,7393362.112688658,0,0.00022609498513341973
24.87,0.2208857142857142,0.050625,0.2055,1.156,18.17,24.87,0.0282198679,0.063101543,10.727400615,6427843.681744831,0,0.0005008367184720367
28.26,0.2208857142857142,0.050625,0.5454,1.958,0.69,28.26,0.0059231806,0.0132446345,11.7447060616,2259709.306353306,0,2.783117664643826e-09
26.18,0.2208857142857142,0.050625,0.6762,2.704,1.87,26.18,0.0154367182,0.0345175513,13.1835858453,1056587.211410991,0,3.2530596497456015e-06
26.0,0.2208857142857142,0.050625,0.1024,1.125,10.16,26.0,0.0167708462,0.0375007522,12.7247314194,49934823.84665734,0,8.982624503894883e-06
22.7,0.2208857142857142,0.050625,0.3368,0.9536,20.73,22.7,0.0766575574,0.1714115092,15.3755260533,40089856.896816686,0,0.22328447102607057
23.97,0.2208857142857142,0.050625,0.63,2.486,5.03,23.97,0.0427124985,0.0955080501,11.1950603536,7918213.91271917,0,0.005133124170885817
19.12,0.2208857142857142,0.050625,0.8056,2.545,32.61,19.12,0.3986162293,0.8913329856,35.2242519185,73850570.0143425,0,0.9363732466465631
20.05,0.137,0.05,0.0828,0.9598,7.45,20.05,0.2597496533,0.580817882,7.4511220223,26121615.4998212,1,0.9958080013028949
25.1,0.2208857142857142,0.050625,0.3412,1.386,1.76,25.1,0.0253837029,0.0567596853,17.1434128424,47817840.01879432,0,0.0002689443068968721
28.15,0.2208857142857142,0.050625,0.3791,1.618,4.2,28.15,0.0062309602,0.0139328506,13.4338227841,42118893.40848861,0,2.9194475891370518e-09
26.3,0.2208857142857142,0.050625,0.3099,0.9481,6.47,26.3,0.0146067964,0.0326617897,8.8142905836,16126990.676274888,0,3.977398191410206e-06
25.19,0.2208857142857142,0.050625,0.1394,1.024,18.66,25.19,0.0243531406,0.0544552779,10.9537147015,5753816.281621968,0,0.00019909231744564345
19.91,0.2208857142857142,0.050625,0.3649,1.146,22.86,19.91,0.2770479727,0.6194981001,17.7896582009,14394302.802820493,1,0.9901004378528351
26.36,0.2208857142857142,0.050625,0.4954,1.935,10.12,26.36,0.0142087207,0.0317716653,10.0568477667,5498927.556131135,0,1.6167929926314132e-06
25.32,0.2208857142857142,0.050625,0.2802,1.46,4.63,25.32,0.0229379698,0.0512908597,4.3221757037,7798278.368221918,0,0.0001006272638188955
23.61,0.2208857142857142,0.050625,0.3299,1.495,20.25,23.61,0.0504144434,0.1127301225,11.3474819907,17878504.304724973,0,0.016629562370101516
26.9,0.2208857142857142,0.050625,0.3496,0.8902,4.65,26.9,0.0110803882,0.0247765013,7.8698202898,28473593.241880767,0,3.5539713199968034e-07
23.6,0.2208857142857142,0.050625,0.5866,2.48,17.52,23.6,0.0506471459,0.1132504611,13.6327134848,14880072.12939393,0,0.009943272021903565
18.89,0.2208857142857142,0.050625,0.266,0.7765,27.84,18.89,0.4431543091,0.9909231597,13.9559151812,4150006.359821304,1,0.9863077818563172
26.7,0.2208857142857142,0.050625,0.2492,0.9236,5.34,26.7,0.0121494041,0.0271668934,9.8537887876,14737221.452446245,0,1.2428932363453987e-06
25.2,0.2208857142857142,0.050625,0.2782,0.8818,0.31,25.2,0.0242412481,0.0542050786,13.3917922168,27101471.65990199,0,0.0003274936099858896
25.88,0.2208857142857142,0.050625,0.2925,0.8145,6.24,25.88,0.0177237239,0.0396314515,9.5627659626,20325461.88404541,0,1.9256426627687825e-05
24.17,0.2208857142857142,0.050625,0.5215,2.52,1.29,24.17,0.0389542616,0.087104377,3.9561075322,29915624.94534732,0,0.0015457292288234064
25.42,0.2208857142857142,0.050625,0.4127,0.8664,11.52,25.42,0.0219055911,0.0489823908,11.6124467725,3860974.703023353,0,9.18926853797789e-05
24.53,0.2208857142857142,0.050625,0.089,1.007,6.69,24.61,0.0318093633,0.0711278987,4.1306664373,17572956.384848397,0,0.0017231263977498844
19.43,0.296,0.04,0.4784,0.8883,19.62,19.43,0.3455850738,0.7727517171,16.3012879468,8490508.98676425,0,0.9856046833960228
23.12,0.2208857142857142,0.050625,0.2276,1.248,18.61,23.12,0.0631764148,0.1412667581,9.6708911552,24935803.374416582,0,0.08106739986689418
23.3,0.2208857142857142,0.050625,0.6096,0.7489,10.55,23.3,0.058150704,0.130028927,14.3456596643,19789114.69944816,0,0.06916913519629687
27.0,0.2208857142857142,0.050625,0.2111,1.318,2.64,27.0,0.0105816886,0.023661375,2.726635711,7480777.32421596,0,2.99981821324285e-07
25.75,0.2208857142857142,0.050625,0.1333,0.8943,5.17,25.75,0.0188171989,0.042076536,3.4747454978,3348862.627682467,0,3.724803697849415e-05
20.01,0.2208857142857142,0.050625,0.182,1.124,14.56,20.02,0.263363131,0.5888978636,8.8196122053,9365762.381717063,0,0.9917545372640331
23.47,0.2208857142857142,0.050625,0.112,0.9917,21.93,23.47,0.0537718498,0.1202375114,11.8894074986,22378852.689596742,0,0.041092321980621425
22.24,0.2208857142857142,0.050625,0.6323,1.078,5.6,22.24,0.0947447113,0.2118556149,18.5610690382,16319532.993464522,0,0.7088530424988383
25.29,0.2208857142857142,0.050625,0.4459,1.58,6.94,25.29,0.0232570687,0.0520043867,14.7169487738,18154340.18772661,0,0.00011872798021952796
27.96,0.2208857142857142,0.050625,0.3938,1.672,4.59,27.96,0.0068007213,0.0152068751,5.6181923275,3851015.179948742,0,6.497028532759014e-09
25.41,0.2208857142857142,0.050625,0.0495,1.089,6.94,25.41,0.0220067027,0.0492084832,4.5206783748,22739454.540486056,0,8.957111108925505e-05
25.63,0.2208857142857142,0.050625,0.2866,1.426,4.75,25.63,0.0198863453,0.04446722,4.2464267286,9281255.05358682,0,3.2717945983079344e-05
25.51,0.2208857142857142,0.050625,0.5208,0.7095,8.37,25.51,0.0210162379,0.0469937366,11.118865325,10787910.628367657,0,5.90990972157404e-05
19.77,0.2208857142857142,0.050625,0.2769,0.8735,10.23,19.77,0.2954982931,0.6607542706,23.4502826952,73541062.29868616,0,0.9925229359670872
29.45,0.2208857142857142,0.050625,0.2059,1.131,13.87,29.45,0.0034241673,0.0076566709,10.5425639496,37989.915333103,0,4.4125158535079244e-11
24.4,0.2208857142857142,0.050625,0.217,0.8377,13.08,24.4,0.0350392641,0.0783501764,12.8278159542,51993480.15315757,0,0.0017855350286763434
24.84,0.2208857142857142,0.050625,0.1343,1.266,13.53,24.84,0.0286124454,0.0639793729,7.4375236135,67730585.46476682,0,0.00019160884287016295
26.87,0.2208857142857142,0.050625,0.1506,1.032,4.17,26.87,0.0112345318,0.0251211767,2.9878578154,10527786.515979156,0,5.42785875156887e-07
27.0,0.2208857142857142,0.050625,0.6155,2.073,1.59,27.0,0.0105816886,0.023661375,15.5942118753,1431516.663661473,0,2.9907869223406646e-07
26.5,0.2208857142857142,0.050625,0.4155,0.8431,10.54,26.5,0.0133215567,0.0297879063,20.7039822274,73826392.17115076,0,1.0585459129050884e-06
24.04,0.2208857142857142,0.050625,0.0959,0.9908,19.77,24.04,0.0413575665,0.0924783301,13.2835034952,45480625.791329294,0,0.005624225742548243
22.08,0.2208857142857142,0.050625,0.5198,1.556,14.69,22.08,0.1019893859,0.2280551997,20.9706263115,26188867.970269047,0,0.6917275144833935
26.53,0.2208857142857142,0.050625,0.2587,1.316,4.02,26.53,0.0131387781,0.0293792009,5.0751430847,3384359.539391381,0,1.7910807338657604e-06
24.77,0.2208857142857142,0.050625,0.4284,0.8126,2.5,24.77,0.0295498293,0.0660754271,10.194331949,6302042.928357424,0,0.0011962523641192563
21.8,0.2208857142857142,0.050625,0.3462,1.171,26.5,21.8,0.1160259082,0.2594418179,16.98171255,40281446.60468974,0,0.6986203074852249
25.03,0.2208857142857142,0.050625,0.1522,0.9452,13.21,25.03,0.0262153087,0.0586192124,8.566371362,27473306.35109621,0,0.00026170017791834414
25.5,0.2208857142857142,0.050625,0.3327,1.278,2.4,25.5,0.0211132445,0.0472106499,8.4560649009,3729881.895065122,0,8.564773272504008e-05
25.2,0.2208857142857142,0.050625,0.2509,1.322,6.6,25.2,0.0242412481,0.0542050786,17.8360300648,68421299.95377605,0,0.00012783015044791956
24.28,0.2208857142857142,0.050625,0.2478,1.341,12.6,24.28,0.0370301078,0.0828018383,7.8714833031,2675255.986528766,0,0.003665332679762221
28.71,0.2208857142857142,0.050625,0.2044,1.195,1.15,28.71,0.004814542,0.0107656431,6.8525211069,58938723.67135524,0,3.298073545929032e-10
26.75,0.2208857142857142,0.050625,0.1215,1.144,3.61,26.75,0.0118728499,0.0265484994,2.5383491458,5757968.235865735,0,9.162391549455621e-07
20.71,0.2208857142857142,0.050625,0.5718,1.929,8.91,20.71,0.191670368,0.428587972,15.6420094725,23201645.776688367,1,0.9683556963916603
23.82,0.2208857142857142,0.050625,0.4402,0.8212,19.82,23.82,0.0457672667,0.1023387195,12.761702393,11972710.469865344,0,0.011976054043284506
24.3,0.2208857142857142,0.050625,0.3825,1.758,3.94,24.3,0.0366906138,0.0820427065,4.0071364752,15204334.817606444,0,0.0021025186517967683
25.68,0.2208857142857142,0.050625,0.2652,0.988,3.12,25.68,0.0194336768,0.0434550225,5.9277431581,28875545.454976574,0,2.945320177963387e-05
29.49,0.2208857142857142,0.050625,0.0916,1.068,2.84,29.49,0.0033616692,0.0075169209,2.645140072,671017.850013351,0,4.834066469976739e-11
24.7,0.2208857142857142,0.050625,0.3946,1.834,11.63,24.7,0.0305179233,0.0682401509,7.2962081482,17999439.1929134,0,0.0004151751331084154
27.8,0.2208857142857142,0.050625,0.256,1.08,3.38,27.8,0.0073207399,0.016369672,21.8451742674,73671137.69153053,0,1.7534375765381688e-08
24.5,0.2208857142857142,0.050625,0.3533,1.475,1.11,24.5,0.0334622374,0.0748238376,12.9144756493,29666449.048356254,0,0.0021222806917402326
20.71,0.2208857142857142,0.050625,0.7387,1.313,3.92,20.71,0.191670368,0.428587972,23.61028202,10466234.711724248,1,0.9885152538848002
27.23,0.2208857142857142,0.050625,0.1958,0.8721,1.95,27.23,0.0095182033,0.0212833496,3.0042970585,27528954.290371355,0,1.1848208286536833e-07
26.61,0.2208857142857142,0.050625,0.2694,1.028,3.74,26.61,0.0126635356,0.0283165265,4.6165029984,25149395.9669288,0,9.792467258478712e-07
26.93,0.2208857142857142,0.050625,0.3749,1.574,1.11,26.93,0.0109283596,0.0244365549,6.9913476369,4186965.695427977,0,3.9783285335468365e-07
26.33,0.2208857142857142,0.050625,0.1652,1.012,5.49,26.33,0.0144063837,0.0322136532,4.5746169495,8992641.178760419,0,4.0256662935952675e-06
28.86,0.2208857142857142,0.050625,0.1112,0.97,8.55,28.86,0.004493192,0.0100470827,12.7988678374,41110953.70402611,0,3.5860879234353973e-10
24.23,0.2208857142857142,0.050625,0.3124,1.616,19.03,24.23,0.0378926498,0.0847305409,10.5191927112,19876170.44225363,0,0.002127717513246852
26.31,0.2208857142857142,0.050625,0.6305,1.818,8.12,26.31,0.0145396843,0.0325117225,18.0721120943,821197.984842965,0,3.3946169236670035e-06
25.27,0.2208857142857142,0.050625,0.5346,2.151,1.78,25.27,0.0234722638,0.0524855773,7.4350863443,6521689.926185989,0,8.166123840958106e-05
27.25,0.2208857142857142,0.050625,0.1231,1.126,4.19,27.25,0.0094309399,0.0210882227,3.3909259603,355095.22809355,0,1.7063728482667638e-07
25.43,0.2208857142857142,0.050625,0.5613,1.742,19.78,25.43,0.021804944,0.0487573371,18.174873661,3058445.739487677,0,4.783035476280129e-05
23.5,0.2208857142857142,0.050625,0.139,1.195,20.99,23.5,0.0530340723,0.1185877909,18.6824803752,69419945.56144948,0,0.02309770242164631
26.23,0.2208857142857142,0.050625,0.0814,1.074,5.99,26.23,0.0150853356,0.0337318359,3.4379335437,7403425.292127392,0,6.042133206426183e-06
28.69,0.2208857142857142,0.050625,0.1379,0.936,5.12,28.69,0.0048590904,0.0108652564,13.0363947842,44039481.801623344,0,7.484475271488728e-10
18.59,0.2208857142857142,0.050625,0.4125,1.151,3.94,18.6,0.5064714588,1.1325046106,10.1763046198,14819302.572401252,1,0.9841852376670324
27.8,0.2208857142857142,0.050625,0.3393,1.133,3.24,27.8,0.0073207399,0.016369672,7.0238654145,19334957.61685419,0,1.4582682607908734e-08
26.8,0.2208857142857142,0.050625,0.2874,1.441,5.67,26.8,0.0116025908,0.0259441818,18.2997100887,73269220.78353204,0,3.776891664071566e-07
24.37,0.2208857142857142,0.050625,0.1797,1.093,1.8,24.37,0.0355267088,0.079440136,3.0335154405,24625320.16096956,0,0.002834502325817732
24.7,0.2208857142857142,0.050625,0.5203,1.442,2.81,24.7,0.0305179233,0.0682401509,15.2332761476,6592732.473630076,0,0.00134665870658545
25.84,0.2208857142857142,0.050625,0.228,1.225,11.2,25.84,0.0180532326,0.0403682552,6.2375004783,37022749.425696224,0,9.26897302260949e-06
20.54,0.2208857142857142,0.050625,0.6401,2.618,2.99,20.54,0.2072788434,0.4634895841,9.3195372805,6420246.802710491,1,0.9680175546678069
21.68,0.2208857142857142,0.050625,0.3838,0.8741,10.88,21.68,0.1226182113,0.2741826558,25.7630948376,66921797.07203395,0,0.8923653635674971
25.88,0.2208857142857142,0.050625,0.2925,0.8145,6.24,25.88,0.0177237239,0.0396314515,8.3173566881,49668157.47533864,0,1.0167978884693341e-05
26.6,0.2208857142857142,0.050625,0.3084,0.7902,7.74,26.6,0.0127219879,0.0284472297,16.8547879585,46538177.43028861,0,1.3516782960818369e-06
23.67,0.2208857142857142,0.050625,0.3844,1.039,16.99,23.67,0.0490405098,0.1096579137,10.4541511884,41779099.25997568,0,0.0109316862099393
25.7,0.2208857142857142,0.050625,0.5127,1.501,24.52,25.7,0.0192555078,0.0430566244,18.7303118917,16189487.26587778,0,1.4317599012414907e-05
24.04,0.2208857142857142,0.050625,0.3509,1.317,18.22,24.04,0.0413575665,0.0924783301,10.7233243178,70611388.13180687,0,0.0017357321218946314
28.0,0.2208857142857142,0.050625,0.1299,1.147,3.78,28.0,0.0066765941,0.0149293183,5.2888255903,43946464.29946241,0,5.496003032523647e-09
25.55,0.2208857142857142,0.050625,0.3338,1.558,3.14,25.55,0.0206326484,0.0461360043,1.1154524861,54524685.627982095,0,1.3991461968068966e-05
25.99,0.2208857142857142,0.050625,0.6065,2.594,1.18,25.99,0.0168482569,0.0376738478,7.1465535979,5621213.926436928,0,4.762159707701995e-06
28.43,0.2208857142857142,0.050625,0.2881,1.306,1.19,28.43,0.0054771543,0.0122472894,7.7313644873,3910591.170335625,0,2.2665483064577176e-09
26.79,0.2208857142857142,0.050625,0.4586,1.228,31.2,26.79,0.0116561459,0.0260639347,21.0972128277,5063541.011959044,0,3.7085623393538644e-07
21.26,0.2208857142857142,0.050625,0.689,2.094,6.65,21.26,0.1487835705,0.3326901775,17.5611867728,49699887.73707776,1,0.8697840464310117
25.58,0.2208857142857142,0.050625,0.3575,0.9297,19.77,25.58,0.0203495578,0.0455029946,13.6480034295,11397647.521069732,0,3.673989728305302e-05
27.8,0.2208857142857142,0.050625,0.4971,1.163,2.01,27.8,0.0073207399,0.016369672,22.1781653855,32976155.779947046,0,2.5800429639221524e-08
24.04,0.2208857142857142,0.050625,0.2821,0.9591,25.21,24.04,0.0413575665,0.0924783301,17.3430024795,36971497.79382569,0,0.004803824653783733
27.52,0.2208857142857142,0.050625,0.4707,0.8569,3.61,27.52,0.0083282735,0.0186225856,13.4955767153,284646.793630381,0,8.04058743937453e-08
25.29,0.2208857142857142,0.050625,0.3833,1.631,0.19,25.29,0.0232570687,0.0520043867,7.0151732006,5139243.951927667,0,0.00013708807206034532
18.29,0.2208857142857142,0.050625,0.3354,1.599,5.15,18.29,0.5841911542,1.3062911326,7.6402433621,26648300.157995164,0,0.9425332183137106
25.4,0.2208857142857142,0.050625,0.5168,0.8413,0.92,25.4,0.022108281,0.0494356193,11.7834695066,41739188.1190373,0,7.099285120529684e-05
24.41,0.2208857142857142,0.050625,0.6217,2.536,3.17,24.41,0.0348782733,0.0779901901,9.6731949586,6756956.003787431,0,0.0012055422362847131
27.93,0.2208857142857142,0.050625,0.3148,1.343,3.6,27.93,0.0068953287,0.0154184238,6.6318215048,708943.782337455,0,1.1644455891265078e-08
22.57,0.2208857142857142,0.050625,0.6413,2.22,9.99,22.57,0.0813869881,0.1819868378,13.9200780406,11424903.0262812,0,0.2670947510355133
24.4,0.2208857142857142,0.050625,0.3545,0.8115,6.28,24.4,0.0350392641,0.0783501764,12.7103954459,59299958.56059125,0,0.0017327152579505677
27.9,0.2208857142857142,0.050625,0.358,1.282,8.5,27.9,0.0069912523,0.0156329154,24.3388479445,70498067.3413676,0,8.940341267894858e-09
25.4,0.2208857142857142,0.050625,0.5168,0.8413,0.92,25.4,0.022108281,0.0494356193,12.04496786,67673610.47270647,0,4.4415970649515544e-05
26.87,0.2208857142857142,0.050625,0.2794,0.8654,35.33,26.87,0.0112345318,0.0251211767,23.5874574608,49203705.27676829,0,1.896605518405899e-07
27.03,0.2208857142857142,0.050625,0.6697,2.5,8.77,27.03,0.0104365024,0.0233367288,15.481159451,1543340.009341596,0,1.3682640080437463e-07
23.18,0.2208857142857142,0.050625,0.5325,0.9939,9.35,23.18,0.0614546821,0.1374168468,11.0115769909,47266886.60680301,0,0.05256687476168135
25.23,0.2208857142857142,0.050625,0.5728,2.33,0.46,25.23,0.0239086457,0.0534613571,7.3103291233,2248832.194823476,0,9.289768243260438e-05
26.2,0.2208857142857142,0.050625,0.4367,0.7942,0.41,26.2,0.0152951935,0.0342010925,14.8116606962,67762561.05205293,0,3.831986199734309e-06
25.51,0.2208857142857142,0.050625,0.1418,0.9558,8.7,25.51,0.0210162379,0.0469937366,6.3343361342,26746165.87280641,0,5.454207717543751e-05
27.3,0.2208857142857142,0.050625,0.7415,1.663,0.96,27.3,0.0092162655,0.0206081961,23.7475456138,1013173.834738056,0,1.7738121693685953e-07
24.05,0.2208857142857142,0.050625,0.3938,0.8023,5.78,24.05,0.0411675457,0.0920534307,7.8250082603,19422661.52235101,0,0.007930925535945103
20.16,0.2208857142857142,0.050625,0.6158,1.095,2.56,20.16,0.2469192656,0.5521282628,16.5489937942,18491518.45292493,1,0.992454091922895
24.62,0.2208857142857142,0.050625,0.3864,0.7865,4.3,24.62,0.0316632126,0.0708010957,25.1589711844,74780501.70005646,0,0.0015611213920579136
21.87,0.2208857142857142,0.050625,0.4498,0.8363,26.25,21.87,0.1123453177,0.2512117673,20.7132427233,28772488.99327206,0,0.7550786859247126
25.99,0.2208857142857142,0.050625,0.2496,1.263,3.94,25.99,0.0168482569,0.0376738478,5.6594166059,6059420.495177028,0,1.2856122086630788e-05
27.07,0.2208857142857142,0.050625,0.5433,1.849,10.23,27.07,0.0102460147,0.0229107855,14.6231490483,2858211.533656467,0,1.7012771285537637e-07
25.46,0.2208857142857142,0.050625,0.1773,1.02,28.84,25.46,0.021505769,0.0480883614,15.5270712629,3932565.810896943,0,6.111046336573615e-05
25.73,0.2208857142857142,0.050625,0.4056,0.9625,5.56,25.73,0.0189913123,0.0424658654,11.32472094,12682643.198842006,0,3.3802696515139116e-05
25.76,0.2208857142857142,0.050625,0.4956,1.884,2.04,25.76,0.0187307418,0.0418832119,9.2944221651,7804111.772604911,0,1.939493261087538e-05
21.04,0.2208857142857142,0.050625,0.6206,2.026,5.88,21.04,0.1646474378,0.3681628631,12.9506271944,25223873.505864896,0,0.9345092503652248
27.0,0.2208857142857142,0.050625,0.3543,1.577,2.82,27.0,0.0105816886,0.023661375,13.1045784138,39363374.81371255,0,2.3191444660680413e-07
27.2,0.2208857142857142,0.050625,0.4647,1.495,1.59,27.2,0.0096506147,0.0215794305,16.8802770314,25876391.91871639,0,1.703584603377565e-07
23.55,0.2208857142857142,0.050625,0.1618,1.024,24.41,23.55,0.0518268695,0.1158884032,12.6054400536,27217079.427778862,0,0.024718588859503367
26.34,0.2208857142857142,0.050625,0.2902,1.125,6.89,26.34,0.0143401923,0.0320656449,9.6600672933,4122617.562907668,0,4.285952965990617e-06
22.7,0.2208857142857142,0.050625,0.606,0.8184,8.3,22.7,0.0766575574,0.1714115092,21.0701438698,25507255.77861974,0,0.41210927737616143
25.23,0.2208857142857142,0.050625,0.2573,0.9439,3.15,25.23,0.0239086457,0.0534613571,17.2889877087,45040141.68477718,0,0.00024123732667452843
28.36,0.2208857142857142,0.050625,0.3468,0.8417,3.04,28.36,0.0056565936,0.0126485278,17.9367434791,39492355.53910298,0,3.1029414948719303e-09
22.77,0.2208857142857142,0.050625,0.5414,1.951,3.8,22.77,0.0742258153,0.1659739687,9.7224624383,18516683.61213909,0,0.2000713659473397
24.86,0.2208857142857142,0.050625,0.3795,1.532,5.48,24.86,0.0283501249,0.0633928065,17.9162691819,54248249.064653054,0,0.000414535499606115
24.77,0.2208857142857142,0.050625,0.226,1.212,29.42,24.77,0.0295498293,0.0660754271,16.332283291,7004295.272768714,0,0.0005425491914624724
26.45,0.2208857142857142,0.050625,0.5373,2.189,5.2,26.45,0.0136318556,0.0304817558,8.024219934,1240453.734768057,0,1.1710099643137976e-06
24.13,0.2208857142857142,0.050625,0.3732,1.174,14.19,24.13,0.0396784754,0.0887237683,14.8538292618,8032814.692453713,0,0.007017907113381107
27.41,0.2208857142857142,0.050625,0.5218,1.895,1.36,27.41,0.0087610261,0.01959025,11.3711462858,1106122.566758149,0,6.523546936926459e-08
21.7,0.2208857142857142,0.050625,0.3743,1.33,9.9,21.7,0.1214940408,0.2716689341,21.9338338418,56689685.62986264,1,0.8644831013275192
24.06,0.2208857142857142,0.050625,0.3292,1.461,6.89,24.06,0.040978398,0.0916304836,6.5820304362,10495408.495462935,0,0.006553747085660783
26.1,0.2208857142857142,0.050625,0.3827,1.78,7.23,26.1,0.0160160338,0.0358129403,5.2756726686,17029540.53633597,0,3.609044815768433e-06
24.85,0.2208857142857142,0.050625,0.4818,1.829,2.35,24.85,0.0284809831,0.0636854144,10.5032478698,12122027.664341647,0,0.00048110572287127993
21.83,0.2208857142857142,0.050625,0.4401,0.8791,3.38,21.83,0.1144339731,0.2558821427,16.1458794157,18470361.050567634,1,0.9070253495681034
25.73,0.2208857142857142,0.050625,0.4209,1.721,12.76,25.73,0.0189913123,0.0424658654,9.1626686835,2732956.677856477,0,1.6639256935662597e-05
23.31,0.2208857142857142,0.050625,0.1881,1.371,11.1,23.31,0.0578835257,0.1294314984,6.009289415,16294692.47658804,0,0.06301628540649548
26.73,0.2208857142857142,0.050625,0.4085,1.6,15.65,26.73,0.011982708,0.0267941497,14.079537012,19318931.780472785,0,4.454176815111333e-07
24.35,0.2208857142857142,0.050625,0.2749,0.9867,13.48,24.35,0.0358554334,0.0801751865,13.7428317839,15708940.460785192,0,0.0036631056064055983
27.15,0.2208857142857142,0.050625,0.2923,1.293,4.98,27.15,0.0098754064,0.02208208,7.9959793144,650060.893842069,0,2.2123838400936874e-07
20.92,0.2208857142857142,0.050625,0.5575,1.01,16.5,20.92,0.1740022951,0.38908096,22.0264590416,25973553.99994609,0,0.9713003827188705
26.9,0.2208857142857142,0.050625,0.3219,1.34,10.47,26.9,0.0110803882,0.0247765013,6.6609843032,53051609.23989508,0,1.3051913805934186e-07
25.0,0.2208857142857142,0.050625,0.2826,0.8028,15.44,25.0,0.02658,0.0594346868,14.5809732707,61269520.135237455,0,0.00017613509577660806
26.45,0.2208857142857142,0.050625,0.1683,1.086,11.12,26.45,0.0136318556,0.0304817558,19.3208543055,68965285.51585679,0,1.7109641192185317e-06
26.11,0.2208857142857142,0.050625,0.6827,0.7244,6.67,26.11,0.0159424468,0.0356483948,15.244067355,36194566.94069976,0,4.725722772586768e-06
29.77,0.2208857142857142,0.050625,0.4091,1.495,4.88,29.77,0.0029549829,0.0066075427,10.5730915824,162056.97900508,0,1.2544156183679277e-11
23.06,0.2208857142857142,0.050625,0.4175,1.593,6.49,23.06,0.0649463841,0.1452245297,15.6624345918,39192210.37622102,0,0.1226326995006049
24.09,0.2208857142857142,0.050625,0.2611,1.399,19.98,24.09,0.0404161533,0.0903732663,11.4395894773,11076700.56492726,0,0.004887519521797765
28.17,0.2208857142857142,0.050625,0.0678,1.069,2.99,28.17,0.0061738344,0.0138051134,2.6142830105,690415.173590948,0,6.63037369203852e-09
27.81,0.2208857142857142,0.050625,0.2149,0.9824,1.93,27.81,0.0072871041,0.0162944602,6.8057089383,31470147.260833327,0,1.5804964857342063e-08
24.2,0.2208857142857142,0.050625,0.2416,1.189,5.64,24.2,0.0384197891,0.0859092601,8.5119706044,72927066.57902199,0,0.0020772162647258088
25.4,0.2208857142857142,0.050625,0.1583,0.9848,5.16,25.4,0.022108281,0.0494356193,4.2041819764,21922798.60129268,0,8.703521830376396e-05
23.12,0.2208857142857142,0.050625,0.4944,1.602,2.71,23.12,0.0631764148,0.1412667581,18.4231377493,32662928.14869552,0,0.14430407129963516
26.24,0.2208857142857142,0.050625,0.5796,2.505,5.0,26.24,0.0150160248,0.0335768522,6.9448280968,10794415.996463116,0,1.5644225154462776e-06
19.49,0.2208857142857142,0.050625,0.4636,1.715,6.48,19.49,0.3361669212,0.7516920875,14.1497502192,26800560.540965848,0,0.9902474428038632
27.7,0.2208857142857142,0.050625,0.602,1.563,0.77,27.7,0.0076657557,0.0171411509,17.9049167221,1629837.617453892,0,3.661143865425811e-08
27.04,0.2208857142857142,0.050625,0.417,1.597,4.75,27.04,0.010388551,0.0232295062,8.576644054,1405234.531950949,0,2.38657199419201e-07
24.84,0.2208857142857142,0.050625,0.3277,1.266,3.85,24.84,0.0286124454,0.0639793729,8.644102739,4137636.111951004,0,0.0008010524237248354
24.73,0.2208857142857142,0.050625,0.5156,2.236,3.14,24.73,0.0300992017,0.067303861,5.9750649012,11171388.4918644,0,0.0004035909831194384
21.36,0.2208857142857142,0.050625,0.3121,1.202,25.2,21.36,0.1420872067,0.317716653,14.8837579791,13979193.26258096,0,0.9089677490713881
25.1,0.2208857142857142,0.050625,0.5967,2.525,3.27,25.1,0.0253837029,0.0567596853,15.981936482,43759953.63375309,0,9.307140141950415e-05
28.19,0.2208857142857142,0.050625,0.2063,1.235,1.77,28.19,0.0061172324,0.0136785474,3.9500521372,278598.132872245,0,5.244082243844209e-09
28.31,0.2208857142857142,0.050625,0.5909,2.435,0.82,28.31,0.0057883526,0.0129431498,7.4557831385,2096621.912179453,0,1.2665653034753855e-09
24.71,0.2208857142857142,0.050625,0.4857,2.125,1.82,24.71,0.0303777061,0.0679266159,5.8563043276,14427477.297356378,0,0.000478933841019182
26.8,0.2208857142857142,0.050625,0.4881,1.973,4.03,26.8,0.0116025908,0.0259441818,7.5289688996,1023936.189741809,0,4.1086677575118977e-07
24.07,0.2208857142857142,0.050625,0.1497,0.9745,9.31,24.07,0.0407901194,0.0912094798,14.8124499099,52057739.48438224,0,0.007854252063652926
28.66,0.2208857142857142,0.050625,0.3712,1.482,0.48,28.66,0.0049266871,0.0110164072,7.8383759054,854413.708551823,0,8.519049205538821e-10
26.27,0.2208857142857142,0.050625,0.178,0.9653,12.67,26.27,0.0148099972,0.0331161605,8.2505388631,30936179.47523777,0,2.944812900972364e-06
22.68,0.2208857142857142,0.050625,0.4636,1.605,31.25,22.68,0.077366861,0.1729975604,24.5960186565,37384908.81480904,0,0.17349912188264946
26.51,0.2208857142857142,0.050625,0.2404,0.8376,6.42,26.51,0.0132603497,0.0296510433,10.8004834342,50945763.227769926,0,1.3343377256649959e-06
28.2,0.2208857142857142,0.050625,0.34,1.024,9.63,28.2,0.0060891262,0.0136157002,14.4349590277,23826552.446920566,0,3.898048265692023e-09
26.24,0.2208857142857142,0.050625,0.2076,1.42,11.61,26.24,0.0150160248,0.0335768522,6.194052301,20890506.757160097,0,2.793290139863174e-06
30.77,0.2208857142857142,0.050625,0.2552,0.9113,7.65,30.77,0.0018644682,0.0041690776,9.2674309191,27855.467469101,0,4.1061862051952283e-13
22.01,0.2208857142857142,0.050625,0.6734,2.722,2.96,22.01,0.1053307015,0.2355266087,14.2370224289,9206432.018369963,1,0.6535295265352737
26.2,0.2208857142857142,0.050625,0.4508,0.7919,8.25,26.2,0.0152951935,0.0342010925,25.9796805031,65639675.52837927,0,5.673802696081053e-06
22.5,0.2208857142857142,0.050625,0.39,1.693,11.86,22.5,0.0840533402,0.1879489824,6.9241664946,27338980.703247704,0,0.26765694937195483
23.12,0.2208857142857142,0.050625,0.2892,1.187,11.84,23.12,0.0631764148,0.1412667581,12.0852264257,20430381.24314568,0,0.12925762943844665
25.85,0.2208857142857142,0.050625,0.4306,1.345,19.01,25.85,0.0179702855,0.0401827799,15.1578979794,3268649.252094196,0,1.3826059422500557e-05
21.49,0.2208857142857142,0.050625,0.6657,0.8783,23.31,21.49,0.1338304618,0.2992540101,17.3279837746,66336716.09243677,0,0.6930305683164734
23.33,0.2208857142857142,0.050625,0.5903,2.558,16.42,23.33,0.0573528464,0.1282448632,12.0770894551,7538488.472434784,0,0.02386663067510802
26.83,0.2208857142857142,0.050625,0.2137,0.8428,3.32,26.83,0.0114433973,0.0255882143,3.9539413554,3061344.572213602,0,7.850670510985716e-07
25.3,0.2208857142857142,0.050625,0.3363,1.233,11.05,25.3,0.0231502122,0.0517654482,11.333737858,1242306.04063461,0,0.00014338022384609593
27.35,0.2208857142857142,0.050625,0.369,0.7681,1.62,27.35,0.0090064777,0.0201390963,13.5119795621,28557190.74568525,0,1.2216174039628359e-07
25.4,0.2208857142857142,0.050625,0.2472,1.302,6.85,25.4,0.022108281,0.0494356193,4.3449365227,54092292.86630402,0,3.2458170381601006e-05
25.01,0.2208857142857142,0.050625,0.4293,0.9951,31.91,25.01,0.026457876,0.0591616093,18.4209961762,11901577.04171523,0,0.00016900027287605892
22.81,0.2208857142857142,0.050625,0.307,0.9602,40.9,22.81,0.0728710415,0.1629446024,27.1442652276,52544012.61170248,0,0.12276597809934299
23.02,0.2208857142857142,0.050625,0.3439,1.575,6.35,23.02,0.0661538275,0.1479244553,8.1651893234,18663027.429270856,0,0.13716637422827122
22.67,0.2208857142857142,0.050625,0.5621,1.045,15.45,22.67,0.0777239702,0.1737960809,28.7456838368,57029895.27149971,0,0.3279737371205761
23.7,0.2208857142857142,0.050625,0.2071,1.411,29.0,23.7,0.0483676488,0.1081533507,16.2696775182,32116699.590950925,0,0.011184164655654794
28.62,0.2208857142857142,0.050625,0.1658,1.093,5.76,28.62,0.005018281,0.0112212175,6.0965970149,366503.771096768,0,1.1607270953217277e-09
24.02,0.2208857142857142,0.050625,0.16,1.291,14.14,24.02,0.0417402433,0.0933340215,13.1234619456,58127216.561731935,0,0.0048727276102076
24.0,0.2208857142857142,0.050625,0.531,1.957,4.5,24.0,0.0421264611,0.0941976306,9.1718162956,13467363.418581616,0,0.005682429589158279
26.13,0.2208857142857142,0.050625,0.5565,2.012,6.1,26.13,0.0157962856,0.0353215683,12.438489461,3879002.547859822,0,4.781062985004336e-06
23.14,0.2208857142857142,0.050625,0.4694,2.217,17.75,23.14,0.06259721,0.1399716167,10.5363754985,26716570.08843624,0,0.035808217605756205
26.03,0.2208857142857142,0.050625,0.2448,1.008,7.1,26.03,0.0165407416,0.0369862226,9.1139227197,4530223.722781611,0,1.4056074881415302e-05
28.47,0.2208857142857142,0.050625,0.215,0.9147,9.15,28.47,0.005377185,0.0120237511,9.8812766042,44373131.53178155,0,9.596066630330452e-10
24.4,0.2208857142857142,0.050625,0.205,0.8772,29.84,24.4,0.0350392641,0.0783501764,18.8163320956,50627538.86310273,0,0.0011766426728910995
21.3,0.2208857142857142,0.050625,0.4068,1.258,33.45,21.3,0.1460679643,0.3266178974,25.0540423588,45169847.79527944,0,0.8732553293415779
22.51,0.2208857142857142,0.050625,0.3092,1.58,18.36,22.51,0.0836671502,0.1870854353,9.491480233,73098359.580923,0,0.13547221090164316
27.59,0.2208857142857142,0.050625,0.5487,1.762,0.95,27.59,0.0080640828,0.0180318372,13.4611357539,274971.252192391,0,4.102971986719984e-08
26.23,0.2208857142857142,0.050625,0.3892,1.534,15.55,26.23,0.0150853356,0.0337318359,11.6874249252,4490354.79836216,0,3.231563474190941e-06
23.22,0.2208857142857142,0.050625,0.1598,0.9635,12.75,23.22,0.0603330078,0.1349087066,16.0467581622,48729611.79467219,0,0.10172440603976321
25.92,0.2208857142857142,0.050625,0.3114,1.489,17.65,25.92,0.0174002295,0.038908096,10.9984711203,8466285.830377685,0,9.104664636713607e-06
25.25,0.2208857142857142,0.050625,0.6622,1.403,3.88,25.25,0.0236894499,0.0529712204,23.4176067095,10787576.60624352,0,0.0002477567244890142
24.24,0.2208857142857142,0.050625,0.5191,2.127,6.85,24.24,0.0377185489,0.0843412394,8.6603532585,12126669.117775844,0,0.0021426912260272576
25.0,0.2208857142857142,0.050625,0.1441,1.098,9.7,25.0,0.02658,0.0594346868,15.5261664743,54117496.9060046,0,0.0003251448010970154
21.38,0.2208857142857142,0.050625,0.4968,1.253,3.95,21.38,0.1407845434,0.3148038092,15.3184115285,10433838.141072148,0,0.9568137930771241
26.86,0.2208857142857142,0.050625,0.4547,1.889,1.68,26.86,0.011286388,0.0252371308,5.340567986,7392515.17930744,0,3.1347065433631396e-07
28.1,0.2208857142857142,0.050625,0.4088,1.47,2.17,28.1,0.0063760979,0.0142573883,19.797863524,52689144.83568511,0,5.060088675074978e-09
24.3,0.2208857142857142,0.050625,0.0915,1.1,21.38,24.3,0.0366906138,0.0820427065,19.8822867801,73699997.43942049,0,0.0019703474275619454
28.29,0.2208857142857142,0.050625,0.2273,1.114,4.94,28.29,0.0058419115,0.0130629113,6.6760897715,730396.745206509,0,3.7581555521021484e-09
26.79,0.2208857142857142,0.050625,0.5361,1.813,8.39,26.79,0.0116561459,0.0260639347,13.1083463722,2205417.800885025,0,4.848209216413827e-07
29.24,0.2208857142857142,0.050625,0.1195,0.9212,0.38,29.24,0.0037718549,0.0084341239,3.4796422378,22942119.098353505,0,9.857097797125415e-11
25.8,0.2208857142857142,0.050625,0.2237,1.277,6.64,25.8,0.0183888672,0.0411187571,7.3570169337,70811221.729502,0,7.628997720042621e-06
28.51,0.2208857142857142,0.050625,0.2706,1.236,3.93,28.51,0.0052790403,0.0118042929,7.3772193077,767637.190170699,0,1.6138039203044583e-09
25.55,0.2208857142857142,0.050625,0.6164,2.744,6.49,25.55,0.0206326484,0.0461360043,8.8767958947,10009441.594982589,0,1.639604725733637e-05
26.0,0.2208857142857142,0.050625,0.2664,0.8357,9.54,26.0,0.0167708462,0.0375007522,8.9078440722,25779029.54089853,0,9.482083529420678e-06
23.84,0.2208857142857142,0.050625,0.0389,1.131,6.97,23.84,0.0453476699,0.1014004725,2.9816413707,26220037.344714176,0,0.015029375212249126
28.95,0.2208857142857142,0.050625,0.0629,1.019,9.66,28.95,0.0043107712,0.0096391775,8.8440074957,30376268.067991927,0,2.4004332297364036e-10
24.43,0.2208857142857142,0.050625,0.0145,1.054,22.52,24.54,0.0328514828,0.0734581487,12.1603993532,19868114.686712854,0,0.001917624686079735
25.74,0.2208857142857142,0.050625,0.3881,0.8946,1.47,25.74,0.0189040552,0.0422707525,11.7903428677,3678553.474607931,0,5.250028545547904e-05
26.68,0.2208857142857142,0.050625,0.3352,1.126,20.46,26.68,0.0122618211,0.0274182656,11.7649880811,21588553.05273783,0,4.800369802001717e-07
24.74,0.2208857142857142,0.050625,0.2866,1.325,24.87,24.74,0.0299609084,0.0669946278,14.6901632529,8595737.400104146,0,0.0005602210228830395
28.23,0.2208857142857142,0.050625,0.3951,1.48,0.37,28.23,0.0060055803,0.0134288857,8.4979993197,756047.903020947,0,4.219757069028586e-09
21.41,0.2208857142857142,0.050625,0.2642,1.111,20.49,21.41,0.138852907,0.310484539,16.6276412511,29919477.55425321,0,0.9159365235092858
24.66,0.2208857142857142,0.050625,0.1982,1.094,3.89,24.66,0.0310852938,0.0695088301,5.6381949117,6329845.228743527,0,0.0015674839682004063
26.95,0.2208857142857142,0.050625,0.4612,0.7181,7.94,26.95,0.0108281678,0.0242125192,9.8108693122,2145823.993391825,0,4.153529443623673e-07
27.51,0.2208857142857142,0.050625,0.1448,0.943,5.02,27.51,0.008366715,0.0187085435,9.3718033764,25577834.3781896,0,6.25173333616222e-08
24.65,0.2208857142857142,0.050625,0.2953,0.905,38.12,24.65,0.031228777,0.0698296682,20.5519111061,903944.68068139,0,0.0007959352597327628
24.48,0.2208857142857142,0.050625,0.6381,2.391,8.12,24.48,0.0337718597,0.0755161741,13.7786888273,4944899.234720913,0,0.0010553192005602569
25.63,0.2208857142857142,0.050625,0.2148,0.8213,14.7,25.63,0.0198863453,0.04446722,10.0380860126,18804224.6458408,0,3.675829249479401e-05
28.42,0.2208857142857142,0.050625,0.318,1.196,6.66,28.42,0.0055024357,0.0123038203,9.2318534647,346160.689785031,0,2.0969499254138305e-09
24.62,0.2208857142857142,0.050625,0.3531,1.617,12.91,24.62,0.0316632126,0.0708010957,7.8893429873,15073459.554870768,0,0.0006678142830474508
27.1,0.2208857142857142,0.050625,0.2481,1.108,13.67,27.1,0.0101054342,0.0225964377,19.9380134892,58204669.22830765,0,1.5615216755633678e-07
23.44,0.2208857142857142,0.050625,0.4528,1.281,12.12,23.44,0.0545198907,0.1219101818,16.320132597,6659490.612876298,0,0.06361120939207097
23.63,0.2208857142857142,0.050625,0.5176,2.211,6.41,23.63,0.049952241,0.1116966065,7.3451859329,16611229.75127631,0,0.012766811322093681
24.75,0.2208857142857142,0.050625,0.5634,1.257,3.63,24.75,0.0298232505,0.0666868155,31.9097739848,66442206.70596342,0,0.0011443928905718848
26.2,0.2208857142857142,0.050625,0.2395,1.277,1.11,26.2,0.0152951935,0.0342010925,18.1272738296,69612402.84720981,0,5.1612700636580535e-06
22.83,0.2208857142857142,0.050625,0.3568,1.321,13.43,22.83,0.0722029558,0.1614507173,9.9469518563,14746789.76213102,0,0.2054284738315494
26.31,0.2208857142857142,0.050625,0.2189,0.9128,1.99,26.31,0.0145396843,0.0325117225,16.2748078974,47042760.52906834,0,5.46434073992802e-06
26.47,0.2208857142857142,0.050625,0.1403,0.9746,3.23,26.47,0.013506878,0.0302022973,3.2541498438,4980597.101248598,0,2.8602574818569193e-06
22.29,0.2208857142857142,0.050625,0.5509,0.6709,28.45,22.29,0.0925880583,0.2070331923,22.6963354878,35272064.07577297,0,0.46008119579574486
19.22,0.216,0.08,0.4974,1.191,2.02,19.22,0.3806755436,0.8512163929,11.3800144723,18287995.57727836,1,0.9942647328688811
28.9,0.2208857142857142,0.050625,0.262,1.091,2.53,28.9,0.004411182,0.0098637028,7.2694805545,50451719.20917297,0,1.7336809054934348e-10
25.8,0.2208857142857142,0.050625,0.3603,0.8087,2.36,25.8,0.0183888672,0.0411187571,12.9057804777,23140536.15381761,0,3.3245529956730285e-05
20.51,0.317,0.05,0.3307,1.269,7.29,20.51,0.2101623793,0.4699373665,7.250232849,25586138.42131521,1,0.9643446414731139
23.61,0.2208857142857142,0.050625,0.1971,1.198,18.72,23.61,0.0504144434,0.1127301225,16.8130284141,46375935.32391941,0,0.02233772815450439
27.16,0.2208857142857142,0.050625,0.4267,1.606,0.74,27.16,0.009830033,0.0219806221,8.9925963066,1951844.429625954,0,1.8919874124106082e-07
22.55,0.2208857142857142,0.050625,0.355,1.582,34.1,22.55,0.0821400526,0.1836707413,18.3819178513,27833845.580317143,0,0.19951321793197802
25.3,0.2208857142857142,0.050625,0.4022,0.7522,3.5,25.3,0.0231502122,0.0517654482,25.7941190379,73557953.63354445,0,0.0001655699197134677
25.3,0.2208857142857142,0.050625,0.6159,1.661,16.78,25.3,0.0231502122,0.0517654482,32.878557264,70119118.56834489,0,6.573145398897495e-05
25.11,0.2208857142857142,0.050625,0.2021,1.185,33.59,25.11,0.0252670754,0.0564988982,16.7971534583,27717860.43685341,0,0.00010048065624424376
25.17,0.2208857142857142,0.050625,0.2591,1.062,1.16,25.17,0.0245784775,0.0549591464,8.5400305616,3623223.789841424,0,0.00036710714850723405
23.53,0.2208857142857142,0.050625,0.2704,0.9079,12.75,23.53,0.0523064176,0.1169607054,8.5099653357,23020697.17474544,0,0.033554927090799366
27.02,0.2208857142857142,0.050625,0.138,1.121,11.88,27.02,0.0104846751,0.0234444462,6.6403379237,22822827.76716383,0,2.1282625118959002e-07
22.35,0.2208857142857142,0.050625,0.7371,2.352,14.21,22.35,0.0900647767,0.2013909631,17.9613511516,29381208.126785167,0,0.2877997693499368
22.91,0.2208857142857142,0.050625,0.3672,1.037,3.28,22.91,0.0695913044,0.1556108872,10.5590165176,8555617.166222882,0,0.31142401240724893
28.54,0.2208857142857142,0.050625,0.6128,2.441,2.92,28.54,0.0052066091,0.011642332,10.0137764271,262122.081701073,0,5.767228020513277e-10
26.8,0.2208857142857142,0.050625,0.3855,0.8229,3.13,26.8,0.0116025908,0.0259441818,7.951242276,18718249.149254583,0,6.449964265588832e-07
27.9,0.2208857142857142,0.050625,0.3758,0.8068,2.55,27.9,0.0069912523,0.0156329154,8.9107238338,6791599.160452255,0,1.6415416025753347e-08
24.29,0.2208857142857142,0.050625,0.0857,1.071,1.74,24.29,0.0368599699,0.0824213984,4.7349231223,14974781.359067757,0,0.005983315387643856
23.9,0.2208857142857142,0.050625,0.3975,0.9404,11.61,23.9,0.04411182,0.0986370281,11.2761095741,46661265.675097175,0,0.006825117060514321
23.18,0.2208857142857142,0.050625,0.6155,2.122,7.06,23.18,0.0614546821,0.1374168468,13.4967384962,15645293.239165194,0,0.06494917737540695
25.87,0.2208857142857142,0.050625,0.1929,0.9806,15.4,25.87,0.0178055329,0.039814382,9.5702625478,43332204.34508046,0,8.95517203071723e-06
25.86,0.2208857142857142,0.050625,0.3441,0.9538,10.94,25.86,0.0178877195,0.0399981568,8.8544499645,43868236.26712648,0,8.478516820323212e-06
24.47,0.2208857142857142,0.050625,0.2422,1.331,12.18,24.47,0.0339277435,0.0758647409,7.4434566969,65485894.04922621,0,0.0006018017610796299
25.16,0.2208857142857142,0.050625,0.1729,1.148,7.48,25.16,0.0246919266,0.0552128263,4.0855356972,17581925.764500838,0,0.00017345506044807126
25.3,0.2208857142857142,0.050625,0.2387,1.387,7.7,25.3,0.0231502122,0.0517654482,5.240449756,9064911.431044236,0,0.00010680875589366123
23.4,0.2208857142857142,0.050625,0.6756,3.244,12.96,23.4,0.0555334912,0.1241766613,12.7994670189,21350746.42930911,0,0.01184591385906479
25.18,0.2208857142857142,0.050625,0.5827,2.399,2.74,25.18,0.0244655496,0.0547066321,8.0224968793,6288495.135813206,0,9.112914561662976e-05
21.66,0.2208857142857142,0.050625,0.638,2.492,34.31,21.66,0.1237527837,0.2767196367,22.4988526762,7132263.833930504,1,0.657447659356241
25.13,0.2208857142857142,0.050625,0.2133,1.139,15.14,25.13,0.0250354255,0.0559809132,10.3997557702,9153082.455890138,0,0.00022048374144774074
22.97,0.2208857142857142,0.050625,0.3316,1.275,3.47,22.97,0.0676947481,0.1513700585,16.5206928986,41114716.83844596,0,0.22809042177882063
27.85,0.2208857142857142,0.050625,0.1269,1.148,1.22,27.85,0.0071540995,0.0159970528,2.0364405624,2268850.289722425,0,1.9072537088334376e-08
27.6,0.2208857142857142,0.050625,0.2412,1.008,3.14,27.6,0.0080270317,0.0179489885,20.3141808196,65676911.26101055,0,4.096198836670685e-08
24.9,0.2208857142857142,0.050625,0.443,2.021,6.3,24.9,0.0278326768,0.0622357573,5.3308942178,18382583.707476422,0,0.0002010194119902061
21.7,0.2208857142857142,0.050625,0.6525,1.625,5.86,21.7,0.1214940408,0.2716689341,14.8870931893,27062954.02312268,0,0.8159548203380176
23.67,0.2208857142857142,0.050625,0.2543,1.577,25.63,23.67,0.0490405098,0.1096579137,12.9852081981,39413562.07169781,0,0.008665719189650064
23.5,0.2208857142857142,0.050625,0.5871,1.495,15.92,23.5,0.0530340723,0.1185877909,18.4287942442,7534200.548686974,0,0.036194330665202834
26.0,0.2208857142857142,0.050625,0.2148,0.9075,17.18,26.0,0.0167708462,0.0375007522,6.5167387906,53740640.57334937,0,3.393839554797991e-06
23.92,0.2208857142857142,0.050625,0.2714,1.16,7.08,23.92,0.0437074004,0.0977327184,6.5779252858,10355017.117739327,0,0.01299374108813157
23.83,0.2208857142857142,0.050625,0.4575,2.2,10.55,23.83,0.0455569852,0.1018685158,6.5966037052,28340909.026741263,0,0.004666951218062259
27.97,0.2208857142857142,0.050625,0.1978,1.146,10.56,27.97,0.0067694748,0.0151370059,6.565821125,34337479.28295072,0,5.012033481607429e-09
24.01,0.2208857142857142,0.050625,0.3283,1.462,9.57,24.01,0.0419329075,0.0937648318,8.1666240453,19785929.17736416,0,0.006316662157759939
27.13,0.2208857142857142,0.050625,0.1381,0.9475,23.16,27.13,0.0099667824,0.022286403,12.6566622549,1095429.580286715,0,1.9741481425953403e-07
25.43,0.2208857142857142,0.050625,0.7103,1.219,9.49,25.43,0.021804944,0.0487573371,23.5137728288,6203781.646858317,0,0.000108118435422116
26.53,0.2208857142857142,0.050625,0.1446,1.173,8.08,26.53,0.0131387781,0.0293792009,4.8906372233,9578692.22574561,0,1.6725513707906371e-06
22.86,0.2208857142857142,0.050625,0.3889,1.042,16.41,22.86,0.0712122941,0.1592355304,15.5763147732,54252461.87531034,0,0.13310095910907196
25.3,0.2208857142857142,0.050625,0.1368,1.206,14.05,25.3,0.0231502122,0.0517654482,8.6110621832,23597208.15612372,0,9.671733975315712e-05
25.31,0.2208857142857142,0.050625,0.413,1.682,0.94,25.31,0.0230438467,0.0515276076,6.4510634001,4955628.079801786,0,0.00010986838458836618
22.67,0.2208857142857142,0.050625,0.2018,1.038,18.21,22.67,0.0777239702,0.1737960809,11.4531099873,1218444.297742177,0,0.40864812565108294
24.79,0.2208857142857142,0.050625,0.4189,1.843,9.07,24.79,0.0292789148,0.0654696439,7.0452886147,13989641.940770896,0,0.00035211032951754795
25.55,0.2208857142857142,0.050625,0.3338,1.558,3.14,25.55,0.0206326484,0.0461360043,12.2739465282,43055567.42532412,0,3.792450296794417e-05
26.02,0.2208857142857142,0.050625,0.185,0.9848,1.07,25.95,0.0171614894,0.0383742569,6.0846307529,27765881.95151489,0,1.316938832705302e-05
25.0,0.2208857142857142,0.050625,0.0479,1.168,24.71,25.0,0.02658,0.0594346868,13.3944012338,45360286.07826667,0,0.000175095662085204
28.73,0.2208857142857142,0.050625,0.2339,0.8083,0.36,28.73,0.004770402,0.0106669431,11.0069172219,55151931.50026833,0,5.179506802202545e-10
23.71,0.2208857142857142,0.050625,0.3561,1.45,17.73,23.71,0.0481454197,0.1076564312,10.1549165595,28313723.413654663,0,0.01020433641484493
28.44,0.2208857142857142,0.050625,0.3246,1.493,7.1,28.44,0.0054519891,0.0121910182,5.8981736164,1450290.209000531,0,1.274822140527956e-09
22.8,0.2208857142857142,0.050625,0.6069,2.518,22.46,22.8,0.0732073989,0.1636967205,16.1975427591,9629977.053383484,0,0.10039720277427275
24.1,0.2208857142857142,0.050625,0.3125,0.9922,21.61,24.1,0.040230458,0.0899580388,11.2133494046,44904232.423796415,0,0.002490359361156454
26.5,0.2208857142857142,0.050625,0.7359,1.694,0.5,26.5,0.0133215567,0.0297879063,23.4871328278,2244992.107259298,0,3.1633702856822014e-06
27.72,0.2208857142857142,0.050625,0.3163,1.467,7.32,27.72,0.0075954757,0.0169839999,6.1375465022,592206.071828897,0,1.896293199593825e-08
24.55,0.2208857142857142,0.050625,0.2626,1.029,10.0,24.55,0.0327005439,0.0731206391,8.5048414448,15247712.111273136,0,0.0015728085627988559
27.72,0.2208857142857142,0.050625,0.259,1.362,2.02,27.72,0.0075954757,0.0169839999,3.5483510215,4249271.338309602,0,2.2589007062763884e-08
22.1,0.2208857142857142,0.050625,0.546,1.155,45.73,22.1,0.1010543415,0.2259643771,32.4840178326,32389361.90473837,0,0.4941359925857764
18.91,0.2208857142857142,0.050625,0.6895,2.454,21.18,18.91,0.439091446,0.9818383215,18.889575627,29553969.05778556,0,0.9521629692295807
23.6,0.2208857142857142,0.050625,0.2955,1.065,18.3,23.6,0.0506471459,0.1132504611,10.816052953,66118028.80982362,0,0.009625992985323868
24.06,0.2208857142857142,0.050625,0.1937,0.9945,17.68,24.06,0.040978398,0.0916304836,10.7894925983,2578319.498887018,0,0.00920062152556592
25.86,0.2208857142857142,0.050625,0.3142,0.8248,26.44,25.86,0.0178877195,0.0399981568,14.2814444629,7539229.370845746,0,1.2322978651355751e-05
24.69,0.2208857142857142,0.050625,0.4215,0.767,35.03,24.69,0.0306587876,0.0685551332,17.3658263891,13388086.271343164,0,0.0004374255142553241
23.95,0.2208857142857142,0.050625,0.4387,0.9539,20.11,23.95,0.0431077124,0.0963917753,20.4303680653,54465763.93379923,0,0.005662290827160282
25.79,0.2208857142857142,0.050625,0.0881,0.946,14.7,25.79,0.0184737464,0.0413085527,17.378865053,70399452.64986041,0,1.572671754419153e-05
26.32,0.2208857142857142,0.050625,0.3108,1.307,11.57,26.32,0.0144728805,0.0323623447,11.1892495488,8591696.626997363,0,3.2822252068008424e-06
28.15,0.2208857142857142,0.050625,0.5998,2.018,7.41,28.15,0.0062309602,0.0139328506,14.5578657881,522490.397652562,0,3.2740361861949355e-09
26.23,0.2208857142857142,0.050625,0.549,1.917,0.52,26.23,0.0150853356,0.0337318359,11.3914000728,1214087.947928629,0,4.612155826875104e-06
23.67,0.2208857142857142,0.050625,0.4202,0.7236,4.09,23.67,0.0490405098,0.1096579137,15.6169238234,28251635.809668567,0,0.041342627214414826
25.23,0.2208857142857142,0.050625,0.3592,1.553,9.54,25.23,0.0239086457,0.0534613571,14.1276731856,46205770.00572224,0,8.57798025757338e-05
25.16,0.2208857142857142,0.050625,0.312,1.167,6.01,25.16,0.0246919266,0.0552128263,9.0847815967,73932626.0616945,0,7.107992986577626e-05
26.37,0.2208857142857142,0.050625,0.323,1.028,16.98,26.37,0.0141434375,0.0316256878,12.4827001188,2249682.509116556,0,2.839672325084387e-06
25.41,0.2208857142857142,0.050625,0.1575,1.042,4.54,25.41,0.0220067027,0.0492084832,4.7760826472,31990061.64300364,0,7.29461808980018e-05
23.99,0.2208857142857142,0.050625,0.4826,1.845,4.47,23.99,0.042320908,0.0946324271,9.2304153359,7112686.274839131,0,0.007624340289429496
22.1,0.2208857142857142,0.050625,0.4299,1.478,5.86,22.1,0.1010543415,0.2259643771,9.1227683636,20055830.841978204,0,0.6672948802965915
22.22,0.2208857142857142,0.050625,0.5471,1.773,3.25,22.22,0.0956213733,0.2138158908,10.8663912369,24341852.58750924,0,0.552992471134936
24.46,0.2208857142857142,0.050625,0.4771,2.067,2.13,24.46,0.0340843469,0.0762149166,6.1776940806,13263331.34170514,0,0.0011966116400428228
25.05,0.2208857142857142,0.050625,0.3354,1.044,29.12,25.05,0.0259749653,0.0580817882,16.5018503314,14482348.98824388,0,0.0001640626700728876
23.14,0.2208857142857142,0.050625,0.2868,1.178,20.59,23.14,0.06259721,0.1399716167,17.2872984214,32350643.118663058,0,0.09349438041147465
26.0,0.2208857142857142,0.050625,0.1726,1.191,6.53,26.0,0.0167708462,0.0375007522,6.4005840125,54811157.65026456,0,5.428860638330982e-06
23.18,0.2208857142857142,0.050625,0.215,1.197,23.84,23.18,0.0614546821,0.1374168468,15.2147228086,37992809.66293304,0,0.06346916745040773
27.05,0.2208857142857142,0.050625,0.3097,0.9934,14.16,27.05,0.01034082,0.0231227764,16.2877622095,23831307.609695747,0,2.5431153785553046e-07
26.7,0.2208857142857142,0.050625,0.6263,2.592,1.47,26.7,0.0121494041,0.0271668934,9.854047585,3754840.220264229,0,4.430937309585513e-07
23.83,0.2208857142857142,0.050625,0.2287,1.023,11.79,23.83,0.0455569852,0.1018685158,7.2306370795,40390957.03266158,0,0.009363991750150428
27.2,0.2208857142857142,0.050625,0.3924,0.7551,11.85,27.2,0.0096506147,0.0215794305,8.8464164064,3365069.342848491,0,1.3894448879214696e-07
25.28,0.2208857142857142,0.050625,0.0726,1.177,13.12,25.28,0.0233644185,0.052244428,6.891507603,14119956.331172368,0,0.00013113327914106746
26.22,0.2208857142857142,0.050625,0.2282,1.259,14.22,26.22,0.0151549664,0.033887535,8.6246775469,5418819.377765048,0,4.309705883373942e-06
25.5,0.2208857142857142,0.050625,0.1788,0.8719,1.9,25.5,0.0211132445,0.0472106499,17.518576502,64253465.94098791,0,8.441039262391529e-05
25.3,0.2208857142857142,0.050625,0.3365,1.211,18.16,25.3,0.0231502122,0.0517654482,13.8405515093,1489340.234679602,0,0.00011892690828819676
27.31,0.2208857142857142,0.050625,0.4902,1.964,7.18,27.31,0.0091739206,0.0205135101,7.6996138583,4570831.914995241,0,5.1718668205576407e-08
25.77,0.2208857142857142,0.050625,0.0071,1.022,34.83,25.77,0.0186446818,0.041690776,20.7989772533,59213611.19361979,0,1.0452227820801426e-05
26.53,0.2208857142857142,0.050625,0.112,0.9535,1.25,26.53,0.0131387781,0.0293792009,8.2067299147,23506065.48926856,0,2.7089325043086853e-06
27.4,0.2208857142857142,0.050625,0.2076,1.206,9.33,27.4,0.0088014652,0.0196806745,6.7726735119,2088936.755442026,0,7.68277460588942e-08
22.3,0.2208857142857142,0.050625,0.76,0.7451,19.79,22.3,0.0921626549,0.2060819612,37.1933325994,74405925.65781407,0,0.532485871391397
20.87,0.2208857142857142,0.050625,0.5216,1.24,4.76,20.87,0.1780553292,0.3981438198,17.845106292,14547385.480403207,0,0.9836476024602528
26.03,0.2208857142857142,0.050625,0.1873,0.8904,16.83,26.03,0.0165407416,0.0369862226,9.2249544322,10118763.843793755,0,9.023974546484047e-06
27.6,0.2208857142857142,0.050625,0.234,1.043,3.85,27.6,0.0080270317,0.0179489885,6.2480658598,38931976.66843296,0,2.429430223456603e-08
18.93,0.411,0.01,0.2186,0.8928,12.03,18.93,0.4350658314,0.9728367737,9.1715507702,23782605.783760656,0,0.9517418231945963
25.82,0.2208857142857142,0.050625,0.2797,1.394,0.65,25.82,0.0182202771,0.0407417781,4.2824495917,1359101.839996089,0,2.4686452020879383e-05
26.6,0.2208857142857142,0.050625,0.1785,1.164,3.83,26.6,0.0127219879,0.0284472297,4.9364877306,38689233.79400742,0,8.875328369157327e-07
27.4,0.2208857142857142,0.050625,0.2033,1.135,1.33,27.4,0.0088014652,0.0196806745,5.7662189249,45426389.26307825,0,4.991617358492167e-08
23.54,0.2208857142857142,0.050625,0.2491,1.305,28.62,23.54,0.0520660914,0.1164233197,15.5440350691,38122709.06884313,0,0.01558963652720576
25.7,0.2208857142857142,0.050625,0.2652,0.9561,12.45,25.7,0.0192555078,0.0430566244,8.7634469402,48528868.88128405,0,1.449192023873249e-05
22.62,0.2208857142857142,0.050625,0.1255,1.066,21.45,22.62,0.079534394,0.1778443116,11.6163415335,5798018.278426395,0,0.4147435235825919
28.03,0.2208857142857142,0.050625,0.58,0.9246,7.07,28.03,0.0065849878,0.0147244804,22.9922200734,28506625.61844016,0,9.41977885732939e-09
25.1,0.2208857142857142,0.050625,0.1577,1.013,7.71,25.1,0.0253837029,0.0567596853,15.8630731929,60525676.99492303,0,0.00023482267661659124
26.44,0.2208857142857142,0.050625,0.3552,1.577,2.99,26.44,0.0136947774,0.0306224531,8.3762971989,16479710.170514544,0,1.92098186276681e-06
26.38,0.2208857142857142,0.050625,0.2592,1.082,12.75,26.38,0.0140784543,0.0314803809,9.7362070942,4321960.389830483,0,2.9614723916223166e-06
22.97,0.2208857142857142,0.050625,0.3781,0.8226,32.9,22.97,0.0676947481,0.1513700585,16.244496061,21823731.10695256,0,0.0931266168862826
21.34,0.072,0.01,0.4101,0.8203,21.73,21.34,0.1434019235,0.320656449,19.5225691203,67751425.9440365,1,0.9186472500599413
25.1,0.2208857142857142,0.050625,0.1164,1.213,13.47,25.1,0.0253837029,0.0567596853,7.0758229437,16311206.211462663,0,0.000212722760857454
28.45,0.2208857142857142,0.050625,0.1955,0.8586,2.37,28.45,0.0054269395,0.0121350055,6.2879777426,11181224.566776687,0,2.2610856803904225e-09
24.53,0.2208857142857142,0.050625,0.4246,1.268,33.27,24.53,0.0330031183,0.0737972161,19.391963212,17651345.773446903,0,0.0006941129582498215
27.25,0.2208857142857142,0.050625,0.2995,1.146,5.51,27.25,0.0094309399,0.0210882227,8.3456321609,66657967.809360005,0,4.6768271450963176e-08
25.0,0.2208857142857142,0.050625,0.4466,1.927,5.71,25.0,0.02658,0.0594346868,7.3460047773,19321953.747205503,0,0.00017232472701699425
29.16,0.2208857142857142,0.050625,0.2701,0.9436,1.04,29.16,0.0039134066,0.0087506433,7.7597055986,38880884.89684632,0,9.675263884402985e-11
28.33,0.2208857142857142,0.050625,0.2611,0.8167,7.33,28.33,0.0057352846,0.0128244863,5.8271426131,45730372.97266632,0,1.2482357843208446e-09
24.17,0.2208857142857142,0.050625,0.5584,1.676,28.12,24.17,0.0389542616,0.087104377,21.1087076679,7374512.362194622,0,0.0026884911398253357
17.81,0.2208857142857142,0.050625,0.3597,1.557,16.09,17.81,0.7287104149,1.6294460236,11.6691798166,15290773.603836255,0,0.705828402745753
22.71,0.2208857142857142,0.050625,0.4101,1.327,12.84,22.71,0.0763053479,0.1706239449,22.7846865863,52142644.787726045,0,0.2938685844161584
27.93,0.2208857142857142,0.050625,0.0632,0.9802,3.51,27.93,0.0068953287,0.0154184238,17.3209058824,74013144.22798309,0,1.1581924517542123e-08
24.8,0.2208857142857142,0.050625,0.2686,0.9894,3.26,24.8,0.0291443905,0.0651688382,22.0516156932,65360740.66566144,0,0.0009669957840575664
24.34,0.2208857142857142,0.050625,0.158,1.248,12.8,24.34,0.0360209346,0.0805452583,7.237356434,13202264.339267544,0,0.002861359969441151
24.9,0.2208857142857142,0.050625,0.1989,1.212,23.08,24.9,0.0278326768,0.0622357573,12.6965379322,16500925.31764966,0,0.0003285657102468946
27.28,0.2208857142857142,0.050625,0.0907,1.01,1.1,27.28,0.0093015425,0.0207988814,2.5837942977,3696072.522128743,0,1.779742605380385e-07
22.18,0.2208857142857142,0.050625,0.4573,1.99,7.95,22.18,0.0973991073,0.217791025,6.2837773793,14152846.06616271,0,0.5023214788238003
24.67,0.2208857142857142,0.050625,0.1533,1.311,4.77,24.68,0.0308003021,0.0688715693,2.4994935852,17445304.118463147,0,0.0009131541374597308
29.55,0.2208857142857142,0.050625,0.2658,1.321,1.83,29.55,0.0032700544,0.0073120639,7.6516383262,16245498.174464907,0,2.8114365204156343e-11
25.55,0.2208857142857142,0.050625,0.1068,0.9896,8.88,25.55,0.0206326484,0.0461360043,5.5630499979,15933384.164717436,0,5.716537120039777e-05
24.4,0.2208857142857142,0.050625,0.4985,2.125,6.06,24.4,0.0350392641,0.0783501764,6.1588219753,19056435.80881522,0,0.0010028242140810303
22.6,0.2208857142857142,0.050625,0.4801,1.239,13.69,22.6,0.0802703167,0.1794898848,12.1795072264,42546601.58766657,0,0.22169239432641497
21.03,0.2208857142857142,0.050625,0.7521,1.231,17.49,21.03,0.1654074158,0.3698622257,30.6649200548,27476023.257852428,0,0.9676639382213836
26.5,0.2208857142857142,0.050625,0.3113,0.8172,6.5,26.5,0.0133215567,0.0297879063,15.3644012418,63031190.87562886,0,1.342203291402701e-06
27.15,0.2208857142857142,0.050625,0.6792,2.609,0.58,27.15,0.0098754064,0.02208208,14.9739576294,1474403.440872221,0,1.220602070513652e-07
25.13,0.2208857142857142,0.050625,0.2492,0.8562,5.64,25.13,0.0250354255,0.0559809132,6.7648594334,850377.393461566,0,0.00034790171430341456
23.9,0.2208857142857142,0.050625,0.3987,1.358,3.85,23.9,0.04411182,0.0986370281,7.2565355753,71736247.727064,0,0.003975455577985513
28.48,0.2208857142857142,0.050625,0.2022,0.8508,1.63,28.48,0.0053524791,0.011968507,5.2112842588,118661.195041657,0,2.38014904683807e-09
28.5,0.2208857142857142,0.050625,0.1871,0.8661,2.3,28.5,0.0053034072,0.0118587791,4.0069128483,30164452.713135097,0,1.1387756234532584e-09
24.75,0.2208857142857142,0.050625,0.2403,1.223,2.04,24.75,0.0298232505,0.0666868155,6.1824271522,5268995.480343265,0,0.0011765656123663307
26.78,0.2208857142857142,0.050625,0.2705,1.455,2.32,26.78,0.0117099483,0.0261842403,3.4412486087,8559708.967163121,0,5.893024683509282e-07
25.48,0.2208857142857142,0.050625,0.1286,1.181,20.89,25.48,0.0213086029,0.0476474846,11.340879511,8526131.755161196,0,5.966276255391091e-05
25.26,0.2208857142857142,0.050625,0.225,1.358,18.92,25.26,0.0235806068,0.0527278398,10.5420724829,13372420.561914207,0,9.546385723465155e-05
27.66,0.2208857142857142,0.050625,0.6517,2.0,0.75,27.66,0.0078082728,0.0174598287,16.3409066888,9310511.430309536,0,2.468313823894097e-08
18.09,0.32,0.050625,0.703,0.7389,12.6,18.09,0.6405528629,1.4323197447,18.9880538419,12078251.946667789,0,0.8737161459184204
26.04,0.2208857142857142,0.050625,0.4064,1.209,15.09,26.04,0.0164647438,0.0368162863,14.1029805143,7511328.410664378,0,8.206877587977656e-06
24.26,0.2208857142857142,0.050625,0.5138,2.064,10.91,24.26,0.0373727432,0.0835679943,12.7390348691,22884919.993724115,0,0.0018362557230986994
29.92,0.2208857142857142,0.050625,0.3664,1.562,9.28,29.92,0.0027577505,0.0061665176,2.5309263627,68978203.83048362,0,9.354460972064024e-13
27.75,0.2208857142857142,0.050625,0.0969,1.046,3.35,27.75,0.0074912618,0.0167509707,14.9442306528,63821334.5567083,0,2.1187365414769505e-08
27.49,0.2208857142857142,0.050625,0.7028,1.574,32.46,27.49,0.0084441313,0.0188816516,28.0730045961,400336.705697672,0,2.6573738737551473e-08
23.54,0.2208857142857142,0.050625,0.1826,1.192,9.12,23.54,0.0520660914,0.1164233197,15.4239273381,57289112.07280666,0,0.034405798616133944
23.76,0.2208857142857142,0.050625,0.4774,1.837,10.87,23.76,0.0470494961,0.1052058716,10.9199365882,13418191.780535787,0,0.01164227580626271
27.74,0.2208857142857142,0.050625,0.325,1.446,4.03,27.74,0.0075258399,0.0168282897,6.1288379388,4035851.755734036,0,1.9447457762459797e-08
24.08,0.2208857142857142,0.050625,0.4858,2.22,6.43,24.08,0.0406027058,0.0907904103,5.387034818,22641063.542673875,0,0.0024672941877645848
27.9,0.2208857142857142,0.050625,0.1998,1.007,8.86,27.9,0.0069912523,0.0156329154,5.8904597323,40674211.92283012,0,6.361763600134993e-09
24.24,0.2208857142857142,0.050625,0.4526,1.012,0.91,24.24,0.0377185489,0.0843412394,15.1841830919,8831759.545340568,0,0.00909197460465037
27.05,0.2208857142857142,0.050625,0.0823,0.961,10.47,27.05,0.01034082,0.0231227764,5.0988330654,27406948.34127288,0,2.00996299671666e-07
24.31,0.2208857142857142,0.050625,0.2908,1.49,10.1,24.31,0.0365220357,0.0816657545,6.3133183506,13316853.360609503,0,0.0023992325494063466
27.05,0.2208857142857142,0.050625,0.3899,1.566,11.52,27.05,0.01034082,0.0231227764,16.0767535281,38705662.04865913,0,1.449051479493772e-07
26.53,0.2208857142857142,0.050625,0.1683,0.9689,4.78,26.53,0.0131387781,0.0293792009,6.4723626449,9034449.325408893,0,2.3535552281454428e-06
22.29,0.2208857142857142,0.050625,0.4804,2.226,24.67,22.29,0.0925880583,0.2070331923,14.2918326423,27498476.35728137,0,0.2716523916971691
25.9,0.2208857142857142,0.050625,0.4148,0.8295,3.27,25.9,0.0175612318,0.0392681082,11.9996643285,2267317.375308322,0,2.7741531410357312e-05
22.3,0.2208857142857142,0.050625,0.58,2.118,6.94,22.3,0.0921626549,0.2060819612,13.5622217834,18827053.53511917,0,0.4712209515581054
24.76,0.2208857142857142,0.050625,0.3087,1.199,2.7,24.76,0.0296862251,0.0663804174,19.8792677095,55137393.11550833,0,0.0010044532202432585
30.16,0.2208857142857142,0.050625,0.3713,1.329,4.71,30.16,0.0024691927,0.0055212826,10.8706316671,101643.330304919,0,3.491954722210224e-12
21.28,0.2208857142857142,0.050625,0.5493,1.934,13.2,21.24,0.1501602479,0.3357685218,12.946671524,20655271.57151881,0,0.8882500812363148
24.83,0.2208857142857142,0.050625,0.2952,1.698,1.44,24.83,0.0287445144,0.0642746882,1.3904730266,28879302.97947629,0,0.0003094186765139326
